[
{
"object":"add0",
"hdl_name":"add0",
"ports":
[
{"name":"reset","orig_name":"reset"},
{"name":"clk","orig_name":"clk"},
{"name":"op","orig_name":"op"},
{"name":"op_a[26]","orig_name":"op_a[26]"},
{"name":"op_a[25]","orig_name":"op_a[25]"},
{"name":"op_a[24]","orig_name":"op_a[24]"},
{"name":"op_a[23]","orig_name":"op_a[23]"},
{"name":"op_a[22]","orig_name":"op_a[22]"},
{"name":"op_a[21]","orig_name":"op_a[21]"},
{"name":"op_a[20]","orig_name":"op_a[20]"},
{"name":"op_a[19]","orig_name":"op_a[19]"},
{"name":"op_a[18]","orig_name":"op_a[18]"},
{"name":"op_a[17]","orig_name":"op_a[17]"},
{"name":"op_a[16]","orig_name":"op_a[16]"},
{"name":"op_a[15]","orig_name":"op_a[15]"},
{"name":"op_a[14]","orig_name":"op_a[14]"},
{"name":"op_a[13]","orig_name":"op_a[13]"},
{"name":"op_a[12]","orig_name":"op_a[12]"},
{"name":"op_a[11]","orig_name":"op_a[11]"},
{"name":"op_a[10]","orig_name":"op_a[10]"},
{"name":"op_a[9]","orig_name":"op_a[9]"},
{"name":"op_a[8]","orig_name":"op_a[8]"},
{"name":"op_a[7]","orig_name":"op_a[7]"},
{"name":"op_a[6]","orig_name":"op_a[6]"},
{"name":"op_a[5]","orig_name":"op_a[5]"},
{"name":"op_a[4]","orig_name":"op_a[4]"},
{"name":"op_a[3]","orig_name":"op_a[3]"},
{"name":"op_a[2]","orig_name":"op_a[2]"},
{"name":"op_a[1]","orig_name":"op_a[1]"},
{"name":"op_a[0]","orig_name":"op_a[0]"},
{"name":"op_b[26]","orig_name":"op_b[26]"},
{"name":"op_b[25]","orig_name":"op_b[25]"},
{"name":"op_b[24]","orig_name":"op_b[24]"},
{"name":"op_b[23]","orig_name":"op_b[23]"},
{"name":"op_b[22]","orig_name":"op_b[22]"},
{"name":"op_b[21]","orig_name":"op_b[21]"},
{"name":"op_b[20]","orig_name":"op_b[20]"},
{"name":"op_b[19]","orig_name":"op_b[19]"},
{"name":"op_b[18]","orig_name":"op_b[18]"},
{"name":"op_b[17]","orig_name":"op_b[17]"},
{"name":"op_b[16]","orig_name":"op_b[16]"},
{"name":"op_b[15]","orig_name":"op_b[15]"},
{"name":"op_b[14]","orig_name":"op_b[14]"},
{"name":"op_b[13]","orig_name":"op_b[13]"},
{"name":"op_b[12]","orig_name":"op_b[12]"},
{"name":"op_b[11]","orig_name":"op_b[11]"},
{"name":"op_b[10]","orig_name":"op_b[10]"},
{"name":"op_b[9]","orig_name":"op_b[9]"},
{"name":"op_b[8]","orig_name":"op_b[8]"},
{"name":"op_b[7]","orig_name":"op_b[7]"},
{"name":"op_b[6]","orig_name":"op_b[6]"},
{"name":"op_b[5]","orig_name":"op_b[5]"},
{"name":"op_b[4]","orig_name":"op_b[4]"},
{"name":"op_b[3]","orig_name":"op_b[3]"},
{"name":"op_b[2]","orig_name":"op_b[2]"},
{"name":"op_b[1]","orig_name":"op_b[1]"},
{"name":"op_b[0]","orig_name":"op_b[0]"},
{"name":"start_i","orig_name":"start_i"},
{"name":"addsub_out[26]","orig_name":"addsub_out[26]"},
{"name":"addsub_out[25]","orig_name":"addsub_out[25]"},
{"name":"addsub_out[24]","orig_name":"addsub_out[24]"},
{"name":"addsub_out[23]","orig_name":"addsub_out[23]"},
{"name":"addsub_out[22]","orig_name":"addsub_out[22]"},
{"name":"addsub_out[21]","orig_name":"addsub_out[21]"},
{"name":"addsub_out[20]","orig_name":"addsub_out[20]"},
{"name":"addsub_out[19]","orig_name":"addsub_out[19]"},
{"name":"addsub_out[18]","orig_name":"addsub_out[18]"},
{"name":"addsub_out[17]","orig_name":"addsub_out[17]"},
{"name":"addsub_out[16]","orig_name":"addsub_out[16]"},
{"name":"addsub_out[15]","orig_name":"addsub_out[15]"},
{"name":"addsub_out[14]","orig_name":"addsub_out[14]"},
{"name":"addsub_out[13]","orig_name":"addsub_out[13]"},
{"name":"addsub_out[12]","orig_name":"addsub_out[12]"},
{"name":"addsub_out[11]","orig_name":"addsub_out[11]"},
{"name":"addsub_out[10]","orig_name":"addsub_out[10]"},
{"name":"addsub_out[9]","orig_name":"addsub_out[9]"},
{"name":"addsub_out[8]","orig_name":"addsub_out[8]"},
{"name":"addsub_out[7]","orig_name":"addsub_out[7]"},
{"name":"addsub_out[6]","orig_name":"addsub_out[6]"},
{"name":"addsub_out[5]","orig_name":"addsub_out[5]"},
{"name":"addsub_out[4]","orig_name":"addsub_out[4]"},
{"name":"addsub_out[3]","orig_name":"addsub_out[3]"},
{"name":"addsub_out[2]","orig_name":"addsub_out[2]"},
{"name":"addsub_out[1]","orig_name":"addsub_out[1]"},
{"name":"addsub_out[0]","orig_name":"addsub_out[0]"},
{"name":"ready_as","orig_name":"ready_as"}
]
},
{
"object":"add31",
"hdl_name":"add31",
"ports":
[
{"name":"reset","orig_name":"reset"},
{"name":"clk","orig_name":"clk"},
{"name":"op","orig_name":"op"},
{"name":"op_a[26]","orig_name":"op_a[26]"},
{"name":"op_a[25]","orig_name":"op_a[25]"},
{"name":"op_a[24]","orig_name":"op_a[24]"},
{"name":"op_a[23]","orig_name":"op_a[23]"},
{"name":"op_a[22]","orig_name":"op_a[22]"},
{"name":"op_a[21]","orig_name":"op_a[21]"},
{"name":"op_a[20]","orig_name":"op_a[20]"},
{"name":"op_a[19]","orig_name":"op_a[19]"},
{"name":"op_a[18]","orig_name":"op_a[18]"},
{"name":"op_a[17]","orig_name":"op_a[17]"},
{"name":"op_a[16]","orig_name":"op_a[16]"},
{"name":"op_a[15]","orig_name":"op_a[15]"},
{"name":"op_a[14]","orig_name":"op_a[14]"},
{"name":"op_a[13]","orig_name":"op_a[13]"},
{"name":"op_a[12]","orig_name":"op_a[12]"},
{"name":"op_a[11]","orig_name":"op_a[11]"},
{"name":"op_a[10]","orig_name":"op_a[10]"},
{"name":"op_a[9]","orig_name":"op_a[9]"},
{"name":"op_a[8]","orig_name":"op_a[8]"},
{"name":"op_a[7]","orig_name":"op_a[7]"},
{"name":"op_a[6]","orig_name":"op_a[6]"},
{"name":"op_a[5]","orig_name":"op_a[5]"},
{"name":"op_a[4]","orig_name":"op_a[4]"},
{"name":"op_a[3]","orig_name":"op_a[3]"},
{"name":"op_a[2]","orig_name":"op_a[2]"},
{"name":"op_a[1]","orig_name":"op_a[1]"},
{"name":"op_a[0]","orig_name":"op_a[0]"},
{"name":"op_b[26]","orig_name":"op_b[26]"},
{"name":"op_b[25]","orig_name":"op_b[25]"},
{"name":"op_b[24]","orig_name":"op_b[24]"},
{"name":"op_b[23]","orig_name":"op_b[23]"},
{"name":"op_b[22]","orig_name":"op_b[22]"},
{"name":"op_b[21]","orig_name":"op_b[21]"},
{"name":"op_b[20]","orig_name":"op_b[20]"},
{"name":"op_b[19]","orig_name":"op_b[19]"},
{"name":"op_b[18]","orig_name":"op_b[18]"},
{"name":"op_b[17]","orig_name":"op_b[17]"},
{"name":"op_b[16]","orig_name":"op_b[16]"},
{"name":"op_b[15]","orig_name":"op_b[15]"},
{"name":"op_b[14]","orig_name":"op_b[14]"},
{"name":"op_b[13]","orig_name":"op_b[13]"},
{"name":"op_b[12]","orig_name":"op_b[12]"},
{"name":"op_b[11]","orig_name":"op_b[11]"},
{"name":"op_b[10]","orig_name":"op_b[10]"},
{"name":"op_b[9]","orig_name":"op_b[9]"},
{"name":"op_b[8]","orig_name":"op_b[8]"},
{"name":"op_b[7]","orig_name":"op_b[7]"},
{"name":"op_b[6]","orig_name":"op_b[6]"},
{"name":"op_b[5]","orig_name":"op_b[5]"},
{"name":"op_b[4]","orig_name":"op_b[4]"},
{"name":"op_b[3]","orig_name":"op_b[3]"},
{"name":"op_b[2]","orig_name":"op_b[2]"},
{"name":"op_b[1]","orig_name":"op_b[1]"},
{"name":"op_b[0]","orig_name":"op_b[0]"},
{"name":"start_i","orig_name":"start_i"},
{"name":"addsub_out[26]","orig_name":"addsub_out[26]"},
{"name":"addsub_out[25]","orig_name":"addsub_out[25]"},
{"name":"addsub_out[24]","orig_name":"addsub_out[24]"},
{"name":"addsub_out[23]","orig_name":"addsub_out[23]"},
{"name":"addsub_out[22]","orig_name":"addsub_out[22]"},
{"name":"addsub_out[21]","orig_name":"addsub_out[21]"},
{"name":"addsub_out[20]","orig_name":"addsub_out[20]"},
{"name":"addsub_out[19]","orig_name":"addsub_out[19]"},
{"name":"addsub_out[18]","orig_name":"addsub_out[18]"},
{"name":"addsub_out[17]","orig_name":"addsub_out[17]"},
{"name":"addsub_out[16]","orig_name":"addsub_out[16]"},
{"name":"addsub_out[15]","orig_name":"addsub_out[15]"},
{"name":"addsub_out[14]","orig_name":"addsub_out[14]"},
{"name":"addsub_out[13]","orig_name":"addsub_out[13]"},
{"name":"addsub_out[12]","orig_name":"addsub_out[12]"},
{"name":"addsub_out[11]","orig_name":"addsub_out[11]"},
{"name":"addsub_out[10]","orig_name":"addsub_out[10]"},
{"name":"addsub_out[9]","orig_name":"addsub_out[9]"},
{"name":"addsub_out[8]","orig_name":"addsub_out[8]"},
{"name":"addsub_out[7]","orig_name":"addsub_out[7]"},
{"name":"addsub_out[6]","orig_name":"addsub_out[6]"},
{"name":"addsub_out[5]","orig_name":"addsub_out[5]"},
{"name":"addsub_out[4]","orig_name":"addsub_out[4]"},
{"name":"addsub_out[3]","orig_name":"addsub_out[3]"},
{"name":"addsub_out[2]","orig_name":"addsub_out[2]"},
{"name":"addsub_out[1]","orig_name":"addsub_out[1]"},
{"name":"addsub_out[0]","orig_name":"addsub_out[0]"},
{"name":"ready_as","orig_name":"ready_as"}
]
},
{
"object":"conv1samples",
"hdl_name":"conv1samples",
"ports":
[
{"name":"reset","orig_name":"reset"},
{"name":"clk","orig_name":"clk"},
{"name":"op_a[26]","orig_name":"op_a[26]"},
{"name":"op_a[25]","orig_name":"op_a[25]"},
{"name":"op_a[24]","orig_name":"op_a[24]"},
{"name":"op_a[23]","orig_name":"op_a[23]"},
{"name":"op_a[22]","orig_name":"op_a[22]"},
{"name":"op_a[21]","orig_name":"op_a[21]"},
{"name":"op_a[20]","orig_name":"op_a[20]"},
{"name":"op_a[19]","orig_name":"op_a[19]"},
{"name":"op_a[18]","orig_name":"op_a[18]"},
{"name":"op_a[17]","orig_name":"op_a[17]"},
{"name":"op_a[16]","orig_name":"op_a[16]"},
{"name":"op_a[15]","orig_name":"op_a[15]"},
{"name":"op_a[14]","orig_name":"op_a[14]"},
{"name":"op_a[13]","orig_name":"op_a[13]"},
{"name":"op_a[12]","orig_name":"op_a[12]"},
{"name":"op_a[11]","orig_name":"op_a[11]"},
{"name":"op_a[10]","orig_name":"op_a[10]"},
{"name":"op_a[9]","orig_name":"op_a[9]"},
{"name":"op_a[8]","orig_name":"op_a[8]"},
{"name":"op_a[7]","orig_name":"op_a[7]"},
{"name":"op_a[6]","orig_name":"op_a[6]"},
{"name":"op_a[5]","orig_name":"op_a[5]"},
{"name":"op_a[4]","orig_name":"op_a[4]"},
{"name":"op_a[3]","orig_name":"op_a[3]"},
{"name":"op_a[2]","orig_name":"op_a[2]"},
{"name":"op_a[1]","orig_name":"op_a[1]"},
{"name":"op_a[0]","orig_name":"op_a[0]"},
{"name":"op_b[26]","orig_name":"op_b[26]"},
{"name":"op_b[25]","orig_name":"op_b[25]"},
{"name":"op_b[24]","orig_name":"op_b[24]"},
{"name":"op_b[23]","orig_name":"op_b[23]"},
{"name":"op_b[22]","orig_name":"op_b[22]"},
{"name":"op_b[21]","orig_name":"op_b[21]"},
{"name":"op_b[20]","orig_name":"op_b[20]"},
{"name":"op_b[19]","orig_name":"op_b[19]"},
{"name":"op_b[18]","orig_name":"op_b[18]"},
{"name":"op_b[17]","orig_name":"op_b[17]"},
{"name":"op_b[16]","orig_name":"op_b[16]"},
{"name":"op_b[15]","orig_name":"op_b[15]"},
{"name":"op_b[14]","orig_name":"op_b[14]"},
{"name":"op_b[13]","orig_name":"op_b[13]"},
{"name":"op_b[12]","orig_name":"op_b[12]"},
{"name":"op_b[11]","orig_name":"op_b[11]"},
{"name":"op_b[10]","orig_name":"op_b[10]"},
{"name":"op_b[9]","orig_name":"op_b[9]"},
{"name":"op_b[8]","orig_name":"op_b[8]"},
{"name":"op_b[7]","orig_name":"op_b[7]"},
{"name":"op_b[6]","orig_name":"op_b[6]"},
{"name":"op_b[5]","orig_name":"op_b[5]"},
{"name":"op_b[4]","orig_name":"op_b[4]"},
{"name":"op_b[3]","orig_name":"op_b[3]"},
{"name":"op_b[2]","orig_name":"op_b[2]"},
{"name":"op_b[1]","orig_name":"op_b[1]"},
{"name":"op_b[0]","orig_name":"op_b[0]"},
{"name":"start_i","orig_name":"start_i"},
{"name":"mul_out[26]","orig_name":"mul_out[26]"},
{"name":"mul_out[25]","orig_name":"mul_out[25]"},
{"name":"mul_out[24]","orig_name":"mul_out[24]"},
{"name":"mul_out[23]","orig_name":"mul_out[23]"},
{"name":"mul_out[22]","orig_name":"mul_out[22]"},
{"name":"mul_out[21]","orig_name":"mul_out[21]"},
{"name":"mul_out[20]","orig_name":"mul_out[20]"},
{"name":"mul_out[19]","orig_name":"mul_out[19]"},
{"name":"mul_out[18]","orig_name":"mul_out[18]"},
{"name":"mul_out[17]","orig_name":"mul_out[17]"},
{"name":"mul_out[16]","orig_name":"mul_out[16]"},
{"name":"mul_out[15]","orig_name":"mul_out[15]"},
{"name":"mul_out[14]","orig_name":"mul_out[14]"},
{"name":"mul_out[13]","orig_name":"mul_out[13]"},
{"name":"mul_out[12]","orig_name":"mul_out[12]"},
{"name":"mul_out[11]","orig_name":"mul_out[11]"},
{"name":"mul_out[10]","orig_name":"mul_out[10]"},
{"name":"mul_out[9]","orig_name":"mul_out[9]"},
{"name":"mul_out[8]","orig_name":"mul_out[8]"},
{"name":"mul_out[7]","orig_name":"mul_out[7]"},
{"name":"mul_out[6]","orig_name":"mul_out[6]"},
{"name":"mul_out[5]","orig_name":"mul_out[5]"},
{"name":"mul_out[4]","orig_name":"mul_out[4]"},
{"name":"mul_out[3]","orig_name":"mul_out[3]"},
{"name":"mul_out[2]","orig_name":"mul_out[2]"},
{"name":"mul_out[1]","orig_name":"mul_out[1]"},
{"name":"mul_out[0]","orig_name":"mul_out[0]"},
{"name":"ready_mul","orig_name":"ready_mul"}
]
}
]
